﻿Designator,Footprint,Quantity,Value,LCSC Part #
"C1, C2, C5, C8",0603,4,22uF,C6119863
"C3, C6, C7",0603,3,100nF,C5137636
D1,0603,1,RED,C965799
D2,0603,1,GREEN,C19171301
"D3, D4",D_SOD-123,2,MBR230LSFT1G,C5377812
D6,Nexperia_CFP3_SOD-123W,1,5.1v,C19077401
J1,JST_S2B-XH-A,1,S2B-XH-A,C157931
J2,Usb-C,1,USB_C_Receptacle_USB2.0_14P,C2988369
L1,HY0630-100M-M,1,10uH,C42931138
"Q1, Q2",TSOT-23_HandSoldering,2,SI2300A,C347480
Q3,SOT-23_Handsoldering,1,HL 2305A,C20071223
"R1, R5",0603,2,2k,C2907022
R10,0603,1,82k,C137678
R11,0603,1,11k,C137801
"R2, R3",0603,2,1k,C103198
R4,0603,1,100,C3016239
R6,0603,1,10k,C98220
"R8, R9",0603,2,5.1k,C3016319
SW1,SK12D07VG4 - (SlideSwitch),1,SK12D07VG4,C393937
U1,SOIC-8-1EP_3.9x4.9mm_P1.27mm_EP2.41x3.3mm_ThermalVias,1,TP4056-42-ESOP8,C725790
U2,SOT-23-6,1,MT3608,C84817
U3,TSOT-23-6_HandSoldering,1,FM2113,C2832124
